State,Dem,Rep,Date,Pollster
AK,33,64,Sep 09 2008,Rasmussen
AK,35,54,Sep 02 2008,IvanMooreResearch
AK,37,55,Sep 21 2008,FairleighDickinsonU
AK,38,55,Oct 06 2008,IvanMooreResearch
AK,39,44,Jul 30 2008,Rasmussen
AK,39,55,Sep 11 2008,ARG
AK,40,45,Jul 17 2008,Rasmussen
AK,40,55,Oct 06 2008,Rasmussen
AK,41,45,Jun 16 2008,Rasmussen
AK,41,50,May 14 2008,Rasmussen
AK,41,57,Oct 28 2008,Rasmussen
AK,42,53,Oct 19 2008,IvanMooreResearch
AK,43,48,Apr 07 2008,Rasmussen
AK,43,48,Feb 28 2008,SurveyUSA
AL,25,52,Sep 15 2008,UofSouthAlabama
AL,29,63,Jan 17 2008,SurveyUSA
AL,30,57,Mar 27 2008,UofSouthAlabama
AL,32,60,May 27 2008,Rasmussen
AL,32,64,Apr 13 2008,SurveyUSA
AL,33,57,Jun 02 2008,CapitalSurvey
AL,34,47,Aug 04 2008,CapitalSurvey
AL,34,54,Oct 16 2008,CapitalSurvey
AL,34,57,May 18 2008,SurveyUSA
AL,34,64,Sep 17 2008,SurveyUSA
AL,35,55,Oct 07 2008,CapitalSurvey
AL,35,55,Sep 09 2008,CapitalSurvey
AL,35,62,Mar 16 2008,SurveyUSA
AL,35,62,Oct 09 2008,SurveyUSA
AL,36,49,Jun 26 2008,CapitalSurvey
AL,36,51,Jun 26 2008,Rasmussen
AL,36,55,Apr 24 2008,CapitalSurvey
AL,36,58,Sep 16 2008,ARG
AL,36,61,Oct 28 2008,SurveyUSA
AL,37,55,Apr 02 2008,Rasmussen
AL,37,55,Jul 31 2008,Rasmussen
AL,39,60,Sep 22 2008,Rasmussen
AL,40,54,Feb 28 2008,SurveyUSA
AR,27,43,Mar 11 2008,OpinionRes
AR,30,59,Mar 18 2008,Rasmussen
AR,33,53,Feb 28 2008,SurveyUSA
AR,33,57,May 12 2008,Rasmussen
AR,36,51,Oct 21 2008,UofArkansas
AR,37,47,Jul 14 2008,Rasmussen
AR,39,48,Jun 12 2008,Rasmussen
AR,41,45,Jun 16 2008,Rasmussen
AR,41,53,Sep 22 2008,ARG
AR,42,51,Sep 22 2008,Rasmussen
AR,44,51,Oct 31 2008,ARG
AR,44,54,Oct 27 2008,Rasmussen
AZ,28,38,Jun 21 2008,ArizonaStateU
AZ,30,40,Aug 16 2008,ArizonaStateU
AZ,33,55,Apr 08 2008,NorthernArizonaU
AZ,36,52,Jul 30 2008,Rasmussen
AZ,37,57,Apr 15 2008,Rasmussen
AZ,38,45,Sep 28 2008,ArizonaStateU
AZ,38,47,Apr 27 2008,ArizonaStateU
AZ,38,49,Feb 24 2008,ArizonaStateU
AZ,38,59,Sep 29 2008,Rasmussen
AZ,39,50,May 20 2008,RockyMtnPoll
AZ,39,51,Feb 28 2008,SurveyUSA
AZ,39,56,Sep 14 2008,ARG
AZ,40,49,Jun 25 2008,Rasmussen
AZ,41,47,Aug 15 2008,MasonDixon
AZ,41,49,Oct 27 2008,NorthernArizonaU
AZ,42,44,Oct 19 2008,Zimmerman
AZ,44,46,Oct 26 2008,ArizonaStateU
AZ,44,48,Oct 28 2008,MasonDixon
AZ,46,50,Oct 30 2008,ARG
AZ,46,51,Oct 26 2008,Rasmussen
AZ,46,53,Oct 28 2008,OpinionResearch
CA,47,40,May 21 2008,LATimes
CA,48,39,Aug 19 2008,PubPolicyInstofCalif
CA,49,40,Mar 18 2008,PublicPolicyInstofCalif
CA,49,41,May 18 2008,SurveyUSA
CA,50,35,Jul 22 2008,PubPolicyInstofCalif
CA,50,38,Jul 24 2008,Rasmussen
CA,50,40,Sep 16 2008,PublicPolicyInstofCalif
CA,50,43,Apr 13 2008,SurveyUSA
CA,50,43,Apr 16 2008,Rasmussen
CA,51,37,Aug 20 2008,Rasmussen
CA,51,40,Feb 28 2008,SurveyUSA
CA,52,35,May 27 2008,FieldPoll
CA,52,36,Sep 14 2008,FieldPoll
CA,52,38,May 20 2008,Rasmussen
CA,53,38,Mar 12 2008,Rasmussen
CA,53,39,Sep 20 2008,ARG
CA,53,41,Jun 19 2008,SurveyUSA
CA,53,43,Sep 24 2008,SurveyUSA
CA,54,30,Jul 14 2008,FieldPoll
CA,54,40,Mar 16 2008,SurveyUSA
CA,55,33,Oct 28 2008,FieldPoll
CA,55,39,Oct 05 2008,SurveyUSA
CA,56,33,Oct 19 2008,PublicPolicyInstofCalif
CA,56,39,Sep 22 2008,Rasmussen
CA,56,40,Oct 09 2008,Rasmussen
CA,58,30,Jun 23 2008,Rasmussen
CA,59,35,Oct 16 2008,SurveyUSA
CA,60,36,Oct 31 2008,SurveyUSA
CA,61,34,Feb 17 2008,SurveyUSA
CA,61,34,Oct 25 2008,Rasmussen
CO,41,44,Aug 13 2008,RockyMtnPoll
CO,43,41,Jun 17 2008,Rasmussen
CO,44,39,Aug 24 2008,SuffolkU
CO,44,43,Sep 23 2008,CiruliAssoc
CO,44,44,Oct 01 2008,MasonDixon
CO,44,46,Jul 22 2008,QuinnipiacU
CO,44,46,Sep 13 2008,ARG
CO,45,44,Sep 15 2008,FinancialDynamics
CO,45,47,Aug 13 2008,Rasmussen
CO,45,48,Sep 25 2008,ARG
CO,46,43,Apr 16 2008,Rasmussen
CO,46,43,Aug 15 2008,MasonDixon
CO,46,46,Mar 17 2008,Rasmussen
CO,46,47,Aug 21 2008,QuinnipiacU
CO,46,47,Aug 26 2008,OpinionResearch
CO,46,48,Sep 14 2008,Rasmussen
CO,47,43,Oct 13 2008,SuffolkU
CO,48,42,May 19 2008,Rasmussen
CO,48,44,Oct 27 2008,FinancialDynamics
CO,49,42,Jul 21 2008,Rasmussen
CO,49,44,Jun 24 2008,QuinnipiacU
CO,49,44,Oct 29 2008,MasonDixon
CO,49,45,Sep 21 2008,QuinnipiacU
CO,49,46,Sep 07 2008,Rasmussen
CO,49,46,Sep 10 2008,InsiderAdvantage
CO,49,48,Sep 28 2008,Rasmussen
CO,50,41,Feb 28 2008,SurveyUSA
CO,50,41,Oct 26 2008,GfKRoper
CO,50,41,Sep 23 2008,InsiderAdvantage
CO,50,46,Oct 26 2008,Rasmussen
CO,50,47,Sep 23 2008,Rasmussen
CO,51,41,Sep 17 2008,InsiderAdvantage
CO,51,45,Oct 05 2008,Rasmussen
CO,51,45,Oct 06 2008,InsiderAdvantage
CO,51,45,Oct 28 2008,MaristColl
CO,51,46,Oct 19 2008,Rasmussen
CO,51,46,Oct 20 2008,InsiderAdvantage
CO,51,47,Oct 14 2008,OpinionResearch
CO,51,47,Sep 23 2008,OpinionResearch
CO,52,40,Oct 23 2008,PublicOpinionStrat
CO,52,43,Oct 12 2008,QuinnipiacU
CO,52,45,Oct 16 2008,Rasmussen
CO,52,45,Oct 30 2008,ARG
CO,53,45,Oct 26 2008,InsiderAdvantage
CO,53,45,Oct 28 2008,OpinionResearch
CT,47,44,May 29 2008,Rasmussen
CT,49,35,Sep 23 2008,PulsarResearch
CT,50,38,Mar 11 2008,Rasmussen
CT,51,36,Jul 31 2008,Rasmussen
CT,52,35,Jun 30 2008,Rasmussen
CT,52,35,Mar 24 2008,QuinnipiacU
CT,53,41,Sep 16 2008,Rasmussen
CT,54,38,Sep 25 2008,SurveyUSA
CT,54,39,Sep 19 2008,ARG
CT,55,34,Feb 28 2008,SurveyUSA
CT,56,31,Oct 22 2008,UofConnecticut
CT,56,35,Jun 29 2008,QuinnipiacU
CT,56,39,Oct 14 2008,Rasmussen
DC,82,13,Sep 13 2008,ARG
DE,50,41,Feb 28 2008,SurveyUSA
DE,51,40,Sep 15 2008,ARG
DE,55,43,Sep 13 2008,Rasmussen
DE,56,36,Sep 21 2008,FairleighDickinsonU
DE,56,38,Oct 08 2008,WestChesterU
DE,56,41,Oct 10 2008,Rasmussen
DE,57,37,Sep 23 2008,SurveyUSA
DE,63,33,Oct 28 2008,SurveyUSA
FL,37,46,Mar 31 2008,QuinnipiacU
FL,37,53,Feb 16 2008,Rasmussen
FL,38,53,Apr 10 2008,Rasmussen
FL,39,47,Jun 18 2008,Rasmussen
FL,40,50,May 19 2008,Rasmussen
FL,41,45,May 20 2008,QuinnipiacU
FL,41,48,Jun 26 2008,Rasmussen
FL,42,50,Sep 10 2008,InsiderAdvantage
FL,43,44,Apr 29 2008,QuinnipiacU
FL,43,46,Aug 18 2008,Rasmussen
FL,43,47,Aug 24 2008,QuinnipiacU
FL,43,47,Mar 12 2008,Rasmussen
FL,43,50,Sep 09 2008,QuinnipiacU
FL,44,44,Sep 15 2008,FinancialDynamics
FL,44,48,Aug 11 2008,InsiderAdvantage
FL,44,49,Sep 14 2008,Rasmussen
FL,44,50,Aug 03 2008,SurveyUSA
FL,45,43,Oct 26 2008,GfKRoper
FL,45,44,Aug 26 2008,MasonDixon
FL,45,44,Oct 27 2008,FinancialDynamics
FL,45,46,Oct 21 2008,MasonDixon
FL,45,47,Feb 28 2008,SurveyUSA
FL,45,47,Jul 21 2008,ARG
FL,45,47,Sep 17 2008,SchrothPollingCo
FL,45,51,Sep 17 2008,SurveyUSA
FL,46,42,Sep 30 2008,SuffolkU
FL,46,44,Jul 29 2008,QuinnipiacU
FL,46,45,Jul 22 2008,Rasmussen
FL,46,46,Sep 17 2008,ARG
FL,46,47,Aug 20 2008,ARG
FL,46,51,Sep 21 2008,Rasmussen
FL,47,42,Oct 13 2008,Datamar
FL,47,43,Jun 16 2008,QuinnipiacU
FL,47,45,Oct 26 2008,QuinnipiacU
FL,47,45,Oct 30 2008,MasonDixon
FL,47,45,Sep 18 2008,MasonDixon
FL,47,46,Sep 25 2008,ARG
FL,47,47,Oct 26 2008,Zogby
FL,47,47,Oct 30 2008,Datamar
FL,47,47,Sep 28 2008,Rasmussen
FL,47,48,Sep 24 2008,Rasmussen
FL,47,48,Sep 28 2008,SurveyUSA
FL,47,49,Oct 17 2008,SurveyUSA
FL,48,44,Oct 13 2008,InsiderAdvantage
FL,48,46,Nov 02 2008,Zogby
FL,48,46,Oct 06 2008,MasonDixon
FL,48,47,Oct 22 2008,InsiderAdvantage
FL,48,48,Sep 07 2008,Rasmussen
FL,48,48,Sep 16 2008,OpinionResearch
FL,48,49,Oct 19 2008,Rasmussen
FL,49,42,Oct 22 2008,PollingCompany
FL,49,44,Jun 17 2008,ARG
FL,49,44,Oct 21 2008,QuinnipiacU
FL,49,44,Oct 26 2008,Datamar
FL,49,44,Oct 26 2008,SuffolkU
FL,49,46,Sep 30 2008,InsiderAdvantage
FL,50,43,Oct 27 2008,LATimes
FL,50,46,Oct 31 2008,ARG
FL,50,47,Oct 08 2008,Rasmussen
FL,51,43,Sep 29 2008,QuinnipiacU
FL,51,46,Oct 12 2008,Rasmussen
FL,51,46,Oct 14 2008,OpinionResearch
FL,51,47,Oct 26 2008,Rasmussen
FL,51,47,Oct 28 2008,OpinionResearch
FL,51,47,Sep 30 2008,OpinionResearch
FL,52,45,Oct 05 2008,Rasmussen
GA,38,56,Sep 10 2008,InsiderAdvantage
GA,39,48,Jul 17 2008,Rasmussen
GA,39,53,May 06 2008,Rasmussen
GA,39,57,Sep 21 2008,ARG
GA,40,53,Mar 20 2008,Rasmussen
GA,41,51,Jun 04 2008,Rasmussen
GA,41,54,Feb 28 2008,SurveyUSA
GA,41,57,Sep 16 2008,SurveyUSA
GA,43,44,Jun 18 2008,InsiderAdvantage
GA,43,49,Oct 23 2008,MasonDixon
GA,43,50,Aug 14 2008,Rasmussen
GA,43,51,Oct 12 2008,SurveyUSA
GA,43,51,Sep 17 2008,InsiderAdvantage
GA,43,53,Jun 26 2008,Rasmussen
GA,43,54,Sep 16 2008,Rasmussen
GA,44,46,Jul 02 2008,InsiderAdvantage
GA,44,50,Sep 30 2008,InsiderAdvantage
GA,44,52,Sep 29 2008,SurveyUSA
GA,45,53,Oct 14 2008,OpinionResearch
GA,45,54,Oct 07 2008,Rasmussen
GA,46,49,Oct 09 2008,InsiderAdvantage
GA,46,51,Oct 22 2008,Rasmussen
GA,47,48,Oct 27 2008,InsiderAdvantage
GA,47,52,Oct 28 2008,OpinionResearch
GA,47,52,Oct 30 2008,Rasmussen
GA,48,47,Oct 23 2008,InsiderAdvantage
HI,61,31,Feb 28 2008,SurveyUSA
HI,63,32,Sep 12 2008,ARG
HI,68,27,Sep 20 2008,Rasmussen
IA,44,41,Feb 18 2008,Rasmussen
IA,44,42,May 13 2008,Rasmussen
IA,45,38,Jun 10 2008,Rasmussen
IA,45,45,Sep 17 2008,UofWisconsin
IA,46,41,Aug 07 2008,Rasmussen
IA,46,42,Mar 31 2008,Rasmussen
IA,47,38,May 22 2008,SurveyUSA
IA,49,42,Apr 13 2008,SurveyUSA
IA,49,45,Jun 16 2008,SurveyUSA
IA,50,41,Feb 28 2008,SurveyUSA
IA,50,43,Aug 13 2008,UofIowa
IA,50,44,Mar 16 2008,SurveyUSA
IA,51,40,Oct 23 2008,MasonDixon
IA,51,41,Feb 17 2008,SurveyUSA
IA,51,41,Jul 10 2008,Rasmussen
IA,51,41,Sep 21 2008,MaristColl
IA,51,43,Sep 25 2008,Rasmussen
IA,51,44,Sep 20 2008,ARG
IA,52,39,Oct 22 2008,UofWisconsin
IA,52,40,Sep 10 2008,Selzer
IA,52,42,Oct 24 2008,MaristColl
IA,52,44,Oct 23 2008,Rasmussen
IA,54,37,Oct 31 2008,Selzer
IA,54,41,Oct 09 2008,SurveyUSA
IA,54,43,Sep 18 2008,SurveyUSA
IA,55,40,Oct 29 2008,SurveyUSA
IA,55,40,Sep 02 2008,OpinionResearch
ID,25,68,Sep 10 2008,ARG
ID,29,52,Aug 22 2008,GregSmith
ID,29,68,Sep 09 2008,Rasmussen
ID,39,52,Feb 28 2008,SurveyUSA
IL,50,37,Jul 08 2008,Rasmussen
IL,51,45,Sep 16 2008,ARG
IL,53,37,Sep 17 2008,UofWisconsin
IL,53,38,Aug 12 2008,Rasmussen
IL,56,32,Oct 18 2008,MarketShares
IL,56,39,Oct 13 2008,Rasmussen
IL,56,40,Sep 17 2008,Rasmussen
IL,60,31,Feb 28 2008,SurveyUSA
IL,60,38,Nov 01 2008,Rasmussen
IL,61,32,Oct 22 2008,UofWisconsin
IN,38,47,Jun 01 2008,IndLegisInsight
IN,40,50,Feb 04 2008,SurveyUSA
IN,41,50,Feb 28 2008,SurveyUSA
IN,42,46,Aug 21 2008,Rasmussen
IN,43,45,Aug 30 2008,HoweyGauge
IN,43,47,Sep 17 2008,UofWisconsin
IN,43,50,Oct 07 2008,Rasmussen
IN,44,47,Sep 18 2008,ARG
IN,44,49,Nov 02 2008,Zogby
IN,44,50,Aug 18 2008,SurveyUSA
IN,44,50,Oct 26 2008,Zogby
IN,44,51,Apr 16 2008,IPFWU
IN,45,47,Oct 24 2008,HoweyGauge
IN,45,48,Sep 29 2008,SurveyUSA
IN,45,51,Sep 16 2008,OpinionResearch
IN,46,45,Oct 28 2008,Selzer
IN,46,49,Oct 29 2008,Rasmussen
IN,46,51,Oct 06 2008,OpinionResearch
IN,47,44,Sep 16 2008,Selzer
IN,47,47,Oct 30 2008,SurveyUSA
IN,47,49,Sep 18 2008,Rasmussen
IN,48,47,Jun 23 2008,SurveyUSA
IN,48,48,Oct 31 2008,ARG
IN,49,41,Apr 23 2008,Selzer
IN,49,45,Oct 22 2008,SurveyUSA
IN,51,41,Oct 22 2008,UofWisconsin
KS,31,63,Sep 10 2008,ARG
KS,32,52,Jul 14 2008,Rasmussen
KS,34,55,May 13 2008,Rasmussen
KS,35,58,Aug 20 2008,SurveyUSA
KS,37,47,Jun 11 2008,Rasmussen
KS,37,52,Aug 11 2008,Rasmussen
KS,37,54,Apr 13 2008,SurveyUSA
KS,37,58,Oct 28 2008,SurveyUSA
KS,38,58,Sep 18 2008,Rasmussen
KS,39,49,May 18 2008,SurveyUSA
KS,39,51,Mar 16 2008,SurveyUSA
KS,41,50,Feb 28 2008,SurveyUSA
KS,41,53,Oct 22 2008,SurveyUSA
KS,41,53,Sep 22 2008,SurveyUSA
KS,41,54,Oct 13 2008,Rasmussen
KS,44,50,Feb 17 2008,SurveyUSA
KY,28,64,Mar 16 2008,SurveyUSA
KY,29,63,Apr 13 2008,SurveyUSA
KY,32,56,May 18 2008,SurveyUSA
KY,32,61,Feb 04 2008,SurveyUSA
KY,33,54,Feb 28 2008,SurveyUSA
KY,35,51,Jun 25 2008,Rasmussen
KY,37,55,Aug 11 2008,SurveyUSA
KY,37,57,Sep 12 2008,ARG
KY,38,57,Sep 22 2008,SurveyUSA
KY,39,49,Jul 29 2008,Rasmussen
KY,40,56,Nov 01 2008,SurveyUSA
KY,41,53,Jun 16 2008,SurveyUSA
KY,41,53,Sep 25 2008,MasonDixon
KY,41,54,Oct 20 2008,SurveyUSA
KY,42,51,Oct 29 2008,MasonDixon
KY,42,52,Sep 30 2008,Rasmussen
KY,43,55,Oct 29 2008,Rasmussen
KY,44,52,Oct 21 2008,Rasmussen
LA,35,51,Apr 09 2008,OpinionRes
LA,36,52,Jun 28 2008,OpinionRes
LA,37,56,Jul 09 2008,Rasmussen
LA,38,51,Oct 23 2008,SoutheasternLaU
LA,38,55,Aug 17 2008,Rasmussen
LA,39,54,Feb 28 2008,SurveyUSA
LA,40,43,Oct 26 2008,LoyolaU
LA,40,55,Sep 25 2008,Rasmussen
LA,41,50,May 28 2008,Rasmussen
LA,41,52,Apr 09 2008,Rasmussen
LA,41,57,Oct 21 2008,Rasmussen
LA,43,50,Sep 12 2008,ARG
MA,46,41,May 18 2008,SurveyUSA
MA,47,38,Aug 03 2008,SuffolkU
MA,47,47,Mar 16 2008,SurveyUSA
MA,48,46,Apr 13 2008,SurveyUSA
MA,48,46,Feb 17 2008,SurveyUSA
MA,49,42,Feb 28 2008,SurveyUSA
MA,49,42,Mar 18 2008,Rasmussen
MA,51,36,Aug 05 2008,Rasmussen
MA,51,38,May 29 2008,Rasmussen
MA,51,39,Apr 23 2008,Rasmussen
MA,53,30,Jun 10 2008,SuffolkU
MA,53,33,Jun 30 2008,Rasmussen
MA,53,34,Oct 22 2008,SuffolkU
MA,53,40,Jun 27 2008,SurveyUSA
MA,55,39,Sep 22 2008,ARG
MA,55,39,Sep 23 2008,SurveyUSA
MA,56,39,Oct 28 2008,SurveyUSA
MA,58,38,Sep 23 2008,Rasmussen
MA,59,35,Oct 14 2008,SurveyUSA
MA,62,34,Oct 13 2008,Rasmussen
MD,51,37,Mar 01 2008,GonzalesRes
MD,52,38,Sep 05 2008,GonzalesResearch
MD,53,40,Feb 28 2008,SurveyUSA
MD,53,41,Aug 18 2008,Rasmussen
MD,54,39,Sep 19 2008,ARG
MD,60,37,Sep 20 2008,Rasmussen
ME,37,26,Jun 18 2008,PanAtlanticSMS
ME,46,36,Jul 17 2008,Rasmussen
ME,49,36,Aug 12 2008,Rasmussen
ME,49,39,Apr 01 2008,Rasmussen
ME,49,44,Sep 23 2008,SurveyUSA
ME,50,46,Sep 17 2008,Rasmussen
ME,51,31,Jun 27 2008,CriticalInsights
ME,51,38,May 14 2008,Rasmussen
ME,51,39,Oct 16 2008,PanAtlanticSMS
ME,51,41,Sep 10 2008,ARG
ME,51,46,Oct 02 2008,Rasmussen
ME,53,39,Feb 28 2008,SurveyUSA
ME,54,39,Oct 20 2008,SurveyUSA
ME,55,33,Jun 16 2008,Rasmussen
ME,56,35,Oct 19 2008,CriticalInsights
ME,56,43,Nov 01 2008,Rasmussen
MI,37,41,May 28 2008,SurveyUSA
MI,40,44,May 22 2008,EPICMRA
MI,41,44,Mar 10 2008,Rasmussen
MI,42,43,Mar 25 2008,Rasmussen
MI,43,41,Apr 08 2008,EPICMRA
MI,43,41,Aug 21 2008,EPICMRA
MI,43,41,Jul 16 2008,EPICMRA
MI,43,42,Sep 17 2008,EPICMRA
MI,43,46,Sep 19 2008,MarketingResourceGrp
MI,44,45,May 07 2008,Rasmussen
MI,44,45,May 08 2008,Rasmussen
MI,44,45,Sep 10 2008,InsiderAdvantage
MI,45,42,Jun 09 2008,Rasmussen
MI,46,39,Aug 20 2008,Selzer
MI,46,42,Jul 22 2008,QuinnipiacU
MI,46,45,Feb 28 2008,SurveyUSA
MI,46,46,Sep 23 2008,MasonDixon
MI,47,39,Sep 22 2008,FinancialDynamics
MI,47,40,Aug 07 2008,Rasmussen
MI,48,38,Sep 22 2008,EPICMRA
MI,48,42,Jun 24 2008,QuinnipiacU
MI,48,44,Sep 17 2008,UofWisconsin
MI,48,44,Sep 21 2008,QuinnipiacU
MI,48,46,Sep 19 2008,ARG
MI,49,45,Sep 09 2008,OpinionResearch
MI,50,38,Oct 28 2008,EPICMRA
MI,50,42,Jul 10 2008,Rasmussen
MI,51,37,Oct 22 2008,EPICMRA
MI,51,38,Sep 24 2008,Selzer
MI,51,44,Sep 21 2008,Rasmussen
MI,51,46,Sep 10 2008,Rasmussen
MI,51,46,Sep 23 2008,OpinionResearch
MI,52,43,Sep 17 2008,MaristColl
MI,53,37,Oct 31 2008,Selzer
MI,53,43,Oct 28 2008,Rasmussen
MI,54,38,Oct 12 2008,QuinnipiacU
MI,56,40,Oct 08 2008,Rasmussen
MI,58,36,Oct 22 2008,UofWisconsin
MN,42,37,Oct 22 2008,StCloudStateU
MN,45,45,Sep 12 2008,PrincetonSurvey
MN,46,42,Aug 13 2008,Rasmussen
MN,46,44,Jul 22 2008,QuinnipiacU
MN,46,47,Mar 16 2008,SurveyUSA
MN,46,47,Oct 01 2008,SurveyUSA
MN,47,42,May 18 2008,SurveyUSA
MN,47,43,Mar 19 2008,Rasmussen
MN,47,45,Aug 14 2008,SurveyUSA
MN,47,45,Sep 17 2008,UofWisconsin
MN,47,45,Sep 21 2008,QuinnipiacU
MN,47,46,Jun 16 2008,SurveyUSA
MN,47,46,Oct 07 2008,ARG
MN,48,38,Aug 17 2008,UofMinnesota
MN,48,40,Oct 28 2008,MasonDixon
MN,48,47,Sep 20 2008,ARG
MN,49,37,Jul 22 2008,Rasmussen
MN,49,42,Feb 28 2008,SurveyUSA
MN,49,43,Apr 13 2008,SurveyUSA
MN,49,46,Nov 01 2008,SurveyUSA
MN,49,47,Oct 07 2008,SurveyUSA
MN,49,47,Sep 11 2008,SurveyUSA
MN,50,40,Oct 20 2008,FinancialDynamics
MN,50,44,Oct 18 2008,SurveyUSA
MN,51,38,May 15 2008,StarTribune
MN,51,40,Oct 12 2008,QuinnipiacU
MN,52,34,Jul 10 2008,Rasmussen
MN,52,38,Apr 22 2008,Rasmussen
MN,52,39,Jun 11 2008,Rasmussen
MN,52,41,Oct 17 2008,PrincetonSurvey
MN,52,41,Oct 17 2008,StarTribune
MN,52,44,Sep 18 2008,Rasmussen
MN,52,45,Oct 07 2008,Rasmussen
MN,53,38,Feb 16 2008,Rasmussen
MN,53,38,May 22 2008,Rasmussen
MN,53,41,Sep 02 2008,OpinionResearch
MN,53,42,Oct 31 2008,PrincetonSurvey
MN,54,37,Jun 24 2008,QuinnipiacU
MN,54,40,Oct 05 2008,UofMinnesota
MN,54,43,Sep 30 2008,OpinionResearch
MN,55,37,Oct 02 2008,PrincetonSurvey
MN,55,40,Feb 17 2008,SurveyUSA
MN,55,43,Oct 28 2008,Rasmussen
MN,56,37,Oct 28 2008,UofMinnesota
MN,56,41,Oct 22 2008,Rasmussen
MN,57,38,Oct 22 2008,UofWisconsin
MO,38,53,Mar 24 2008,Rasmussen
MO,39,53,Mar 16 2008,SurveyUSA
MO,40,42,Feb 12 2008,Rasmussen
MO,41,47,May 06 2008,Rasmussen
MO,41,48,Aug 07 2008,Rasmussen
MO,42,47,Jul 07 2008,Rasmussen
MO,42,48,Feb 28 2008,SurveyUSA
MO,42,50,Apr 13 2008,SurveyUSA
MO,43,42,Jun 03 2008,Rasmussen
MO,43,50,Jun 22 2008,SurveyUSA
MO,44,45,Oct 19 2008,SuffolkU
MO,44,49,Jul 31 2008,SurveyUSA
MO,45,43,May 18 2008,SurveyUSA
MO,45,46,Oct 23 2008,MasonDixon
MO,45,50,Sep 09 2008,OpinionResearch
MO,45,50,Sep 15 2008,ARG
MO,46,47,Oct 30 2008,MasonDixon
MO,46,48,Sep 24 2008,SurveyUSA
MO,46,49,Oct 06 2008,ARG
MO,46,51,Sep 11 2008,Rasmussen
MO,47,46,Nov 02 2008,Zogby
MO,47,50,Oct 29 2008,InsiderAdvantage
MO,48,46,Oct 26 2008,Zogby
MO,48,47,Oct 26 2008,Rasmussen
MO,48,48,Oct 26 2008,SurveyUSA
MO,48,48,Oct 30 2008,ARG
MO,48,49,Oct 14 2008,OpinionResearch
MO,48,50,Oct 28 2008,OpinionResearch
MO,49,43,Feb 17 2008,SurveyUSA
MO,49,44,Oct 19 2008,Rasmussen
MO,49,48,Sep 30 2008,OpinionResearch
MO,50,47,Oct 05 2008,Rasmussen
MO,50,47,Oct 12 2008,Rasmussen
MO,51,43,Oct 12 2008,SurveyUSA
MO,52,46,Oct 15 2008,Rasmussen
MS,33,46,Oct 23 2008,USAPollingGroup
MS,33,46,Oct 23 2008,UofSouthAlabama
MS,39,55,Sep 16 2008,ARG
MS,41,52,Jul 28 2008,Rasmussen
MS,41,54,Aug 21 2008,Rasmussen
MS,41,54,Feb 28 2008,SurveyUSA
MS,44,50,Jun 24 2008,Rasmussen
MS,44,50,May 27 2008,Rasmussen
MS,44,52,Sep 30 2008,Rasmussen
MS,45,53,Oct 27 2008,Rasmussen
MT,39,47,Feb 28 2008,SurveyUSA
MT,39,47,May 21 2008,MasonDixon
MT,42,53,Sep 08 2008,Rasmussen
MT,43,48,Apr 06 2008,Rasmussen
MT,43,54,Sep 23 2008,OpinionResearch
MT,44,40,Oct 20 2008,MontanaStateU
MT,44,45,Jul 29 2008,Rasmussen
MT,44,48,Oct 25 2008,MasonDixon
MT,44,52,Oct 01 2008,Rasmussen
MT,45,50,Oct 08 2008,ARG
MT,46,49,Oct 30 2008,ARG
MT,46,50,Oct 29 2008,Rasmussen
MT,47,49,Sep 09 2008,ARG
MT,48,43,Jul 01 2008,Rasmussen
NC,35,41,Sep 18 2008,ElonU
NC,38,58,Sep 08 2008,SurveyUSA
NC,39,48,Apr 10 2008,TelOpinionResearch
NC,41,52,Sep 16 2008,ARG
NC,42,45,Jul 15 2008,Rasmussen
NC,42,46,Aug 13 2008,Rasmussen
NC,42,51,Mar 20 2008,Rasmussen
NC,43,45,Aug 19 2008,InsiderAdvantage
NC,43,45,Jun 10 2008,Rasmussen
NC,43,51,May 19 2008,SurveyUSA
NC,45,38,Oct 30 2008,ElonU
NC,45,44,Oct 19 2008,WinthropU
NC,45,47,Feb 28 2008,SurveyUSA
NC,45,48,May 08 2008,Rasmussen
NC,45,49,Aug 11 2008,SurveyUSA
NC,45,50,Jul 14 2008,SurveyUSA
NC,46,48,Oct 07 2008,MarshallMarketing
NC,46,49,Oct 06 2008,SurveyUSA
NC,46,49,Oct 30 2008,MasonDixon
NC,46,49,Sep 29 2008,ARG
NC,47,43,Oct 27 2008,FinancialDynamics
NC,47,47,Apr 10 2008,Rasmussen
NC,47,47,Oct 20 2008,SurveyUSA
NC,47,47,Oct 24 2008,MasonDixon
NC,47,48,Sep 16 2008,OpinionResearch
NC,47,50,Sep 18 2008,Rasmussen
NC,48,46,Oct 13 2008,InsiderAdvantage
NC,48,46,Oct 21 2008,MarshallMarketing
NC,48,46,Oct 26 2008,GfKRoper
NC,48,48,Oct 12 2008,Rasmussen
NC,48,48,Oct 29 2008,InsiderAdvantage
NC,48,49,Nov 02 2008,Zogby
NC,48,49,Oct 26 2008,Rasmussen
NC,48,50,Oct 23 2008,Rasmussen
NC,49,47,Sep 23 2008,Rasmussen
NC,49,48,Oct 08 2008,Rasmussen
NC,49,48,Oct 19 2008,InsiderAdvantage
NC,49,49,Oct 06 2008,OpinionResearch
NC,50,46,Oct 26 2008,Zogby
NC,50,47,Sep 30 2008,Rasmussen
NC,50,48,Oct 29 2008,Rasmussen
NC,51,47,Oct 21 2008,OpinionResearch
NC,51,48,Oct 19 2008,Rasmussen
NC,52,46,Oct 28 2008,OpinionResearch
ND,38,44,Apr 03 2008,DakotaWesleyanU
ND,41,55,Sep 08 2008,Rasmussen
ND,43,40,Aug 27 2008,DFMResearch
ND,43,43,Jul 08 2008,Rasmussen
ND,43,52,Sep 17 2008,ARG
ND,45,43,Oct 08 2008,MinnesotaStateU
ND,46,42,Feb 28 2008,SurveyUSA
NE,32,50,Jul 28 2008,Rasmussen
NE,34,60,Sep 17 2008,ARG
NE,36,52,Jun 23 2008,Rasmussen
NE,37,56,Sep 30 2008,Rasmussen
NE,39,50,May 15 2008,Rasmussen
NE,40,49,May 18 2008,SurveyUSA
NE,42,45,Feb 28 2008,SurveyUSA
NH,39,42,May 02 2008,DartmouthColl
NH,41,51,Apr 30 2008,Rasmussen
NH,43,42,Aug 19 2008,Rasmussen
NH,43,46,Mar 16 2008,Rasmussen
NH,43,49,Apr 30 2008,UofNewHampshire
NH,44,43,Sep 22 2008,FinancialDynamics
NH,45,47,Sep 21 2008,UofNewHampshire
NH,45,48,Sep 15 2008,ARG
NH,46,43,Jul 20 2008,UofNewHampshire
NH,46,44,Feb 28 2008,SurveyUSA
NH,46,45,Aug 20 2008,ARG
NH,46,45,Sep 24 2008,SuffolkU
NH,47,41,Jul 23 2008,Rasmussen
NH,47,45,Jul 21 2008,ARG
NH,47,49,Sep 23 2008,Rasmussen
NH,48,43,May 21 2008,Rasmussen
NH,49,36,Feb 11 2008,Rasmussen
NH,49,37,Sep 30 2008,SaintAnselmColl
NH,50,39,Jun 18 2008,Rasmussen
NH,50,39,Oct 25 2008,MasonDixon
NH,50,45,Oct 23 2008,MaristColl
NH,50,46,Oct 23 2008,Rasmussen
NH,50,46,Oct 30 2008,Rasmussen
NH,51,39,Jun 17 2008,ARG
NH,51,45,Sep 09 2008,OpinionResearch
NH,51,45,Sep 21 2008,MaristColl
NH,52,43,Oct 08 2008,ARG
NH,53,39,Oct 30 2008,UofNewHampshire
NH,53,40,Oct 05 2008,SurveyUSA
NH,53,40,Oct 29 2008,SuffolkU
NH,53,42,Oct 30 2008,SurveyUSA
NH,53,43,Oct 01 2008,Rasmussen
NH,53,45,Oct 06 2008,OpinionResearch
NH,54,39,Oct 22 2008,UofNewHampshire
NH,55,37,Oct 26 2008,GfKRoper
NH,56,41,Oct 30 2008,ARG
NH,58,33,Oct 27 2008,UofNewHampshire
NJ,43,38,Feb 24 2008,FairleighDickinsonU
NJ,43,43,Feb 28 2008,SurveyUSA
NJ,43,45,Feb 27 2008,Rasmussen
NJ,44,39,Jul 07 2008,Rasmussen
NJ,45,39,Jun 08 2008,QuinnipiacU
NJ,45,46,Mar 27 2008,Rasmussen
NJ,46,39,Feb 18 2008,QuinnipiacU
NJ,47,41,Sep 07 2008,FairleighDickinsonU
NJ,47,42,Mar 30 2008,FairleighDickinsonU
NJ,48,39,Jun 04 2008,Rasmussen
NJ,48,40,Aug 04 2008,Rasmussen
NJ,48,45,Sep 08 2008,MaristColl
NJ,48,45,Sep 14 2008,QuinnipiacU
NJ,49,33,Jun 23 2008,FairleighDickinsonU
NJ,49,41,Sep 14 2008,MonmouthU
NJ,50,36,Jul 21 2008,MonmouthU
NJ,50,37,Oct 05 2008,FairleighDickinsonU
NJ,50,42,Oct 07 2008,Rasmussen
NJ,51,41,Aug 10 2008,QuinnipiacU
NJ,51,42,Sep 21 2008,ARG
NJ,52,42,Oct 30 2008,SurveyUSA
NJ,52,42,Sep 28 2008,SurveyUSA
NJ,53,35,Oct 29 2008,FairleighDickinsonU
NJ,55,34,Oct 30 2008,MonmouthU
NJ,55,38,Oct 18 2008,MonmouthU
NJ,55,40,Oct 12 2008,SurveyUSA
NJ,55,42,Sep 16 2008,Rasmussen
NJ,56,32,Apr 28 2008,MonmouthU
NJ,56,39,Oct 21 2008,MaristColl
NJ,59,36,Oct 19 2008,QuinnipiacU
NM,41,45,Aug 15 2008,MasonDixon
NM,41,50,Jan 21 2008,SurveyUSA
NM,44,44,Feb 18 2008,Rasmussen
NM,44,44,May 18 2008,SurveyUSA
NM,44,50,Apr 13 2008,SurveyUSA
NM,45,40,Oct 02 2008,ResearchandPolling
NM,45,42,Apr 08 2008,Rasmussen
NM,46,41,Jul 24 2008,Rasmussen
NM,47,39,Jun 18 2008,Rasmussen
NM,47,41,Aug 20 2008,Rasmussen
NM,47,49,Sep 08 2008,Rasmussen
NM,49,42,Sep 15 2008,FinancialDynamics
NM,49,44,Oct 01 2008,Rasmussen
NM,49,46,Jun 19 2008,SurveyUSA
NM,50,41,May 14 2008,Rasmussen
NM,50,43,Feb 28 2008,SurveyUSA
NM,51,43,Oct 30 2008,ResearchandPolling
NM,51,44,Sep 16 2008,ARG
NM,51,45,Mar 16 2008,SurveyUSA
NM,52,44,Sep 16 2008,SurveyUSA
NM,52,44,Sep 30 2008,SurveyUSA
NM,52,45,Oct 13 2008,SurveyUSA
NM,52,45,Oct 31 2008,SurveyUSA
NM,53,40,Aug 26 2008,OpinionResearch
NM,54,44,Oct 28 2008,Rasmussen
NM,55,40,Feb 17 2008,SurveyUSA
NM,55,42,Oct 13 2008,Rasmussen
NV,39,46,Aug 15 2008,MasonDixon
NV,40,46,May 20 2008,Rasmussen
NV,42,40,Jul 16 2008,Rasmussen
NV,42,44,Jun 11 2008,MasonDixon
NV,42,45,Aug 11 2008,Rasmussen
NV,42,45,Jun 18 2008,Rasmussen
NV,43,48,Apr 21 2008,Rasmussen
NV,45,41,Mar 19 2008,Rasmussen
NV,45,46,Sep 10 2008,InsiderAdvantage
NV,45,46,Sep 21 2008,SuffolkU
NV,46,41,Feb 28 2008,SurveyUSA
NV,46,49,Sep 11 2008,Rasmussen
NV,46,49,Sep 14 2008,ARG
NV,47,43,Oct 29 2008,MasonDixon
NV,47,45,Oct 09 2008,MasonDixon
NV,47,47,Oct 19 2008,InsiderAdvantage
NV,47,49,Sep 29 2008,ARG
NV,48,44,Oct 26 2008,Zogby
NV,48,47,Sep 30 2008,InsiderAdvantage
NV,49,44,Aug 26 2008,OpinionResearch
NV,49,46,Oct 13 2008,InsiderAdvantage
NV,49,47,Oct 06 2008,InsiderAdvantage
NV,50,38,Feb 12 2008,Rasmussen
NV,50,40,Oct 26 2008,SuffolkU
NV,50,45,Oct 16 2008,Rasmussen
NV,50,46,Oct 27 2008,Rasmussen
NV,51,43,Nov 02 2008,Zogby
NV,51,46,Oct 21 2008,OpinionResearch
NV,51,47,Oct 02 2008,Rasmussen
NV,51,47,Sep 30 2008,OpinionResearch
NV,52,40,Oct 26 2008,GfKRoper
NV,52,45,Oct 28 2008,OpinionResearch
NY,44,26,Jul 29 2008,SienaColl
NY,44,42,Jan 17 2008,SienaColl
NY,45,40,Apr 16 2008,SienaColl
NY,46,41,Sep 10 2008,SienaColl
NY,46,48,Apr 08 2008,MaristColl
NY,47,39,Apr 15 2008,QuinnipiacU
NY,47,39,Aug 14 2008,SienaColl
NY,47,40,Feb 14 2008,SienaColl
NY,48,38,May 17 2008,SurveyUSA
NY,48,38,May 18 2008,SurveyUSA
NY,49,38,Mar 18 2008,QuinnipiacU
NY,49,38,May 14 2008,SienaColl
NY,49,43,Jan 21 2008,SurveyUSA
NY,50,36,Jun 08 2008,QuinnipiacU
NY,50,37,Jul 10 2008,SienaColl
NY,51,32,Jun 11 2008,NYTimes
NY,51,33,Jun 11 2008,SienaColl
NY,51,38,Mar 11 2008,Rasmussen
NY,52,32,Aug 04 2008,Rasmussen
NY,52,33,May 28 2008,Rasmussen
NY,52,35,May 01 2008,Rasmussen
NY,52,38,Feb 28 2008,SurveyUSA
NY,52,43,Apr 13 2008,SurveyUSA
NY,52,44,Mar 16 2008,SurveyUSA
NY,55,38,Sep 16 2008,ARG
NY,55,42,Sep 15 2008,Rasmussen
NY,57,36,Aug 04 2008,QuinnipiacU
NY,57,36,Feb 17 2008,SurveyUSA
NY,57,37,Jun 27 2008,SurveyUSA
NY,57,37,Oct 14 2008,Rasmussen
NY,57,38,Sep 24 2008,SurveyUSA
NY,58,36,Sep 30 2008,SienaColl
NY,60,29,Jun 30 2008,Rasmussen
NY,62,31,Oct 21 2008,SienaColl
NY,62,33,Oct 28 2008,SurveyUSA
NY,64,31,Oct 12 2008,SurveyUSA
NY,65,29,Oct 22 2008,MaristColl
OH,40,40,Aug 17 2008,UofAkron
OH,40,42,Feb 12 2008,QuinnipiacU
OH,40,44,May 20 2008,QuinnipiacU
OH,40,46,Jul 21 2008,Rasmussen
OH,40,46,Mar 13 2008,Rasmussen
OH,40,47,Apr 08 2008,Rasmussen
OH,41,42,Aug 21 2008,ColumbusDispatch
OH,41,42,Feb 17 2008,Rasmussen
OH,41,42,Sep 15 2008,FinancialDynamics
OH,41,45,Aug 18 2008,Rasmussen
OH,42,43,Apr 29 2008,QuinnipiacU
OH,42,46,Sep 13 2008,SuffolkU
OH,42,48,Sep 16 2008,UofCincinnati
OH,43,42,Mar 31 2008,QuinnipiacU
OH,43,44,Jun 17 2008,Rasmussen
OH,43,50,Jan 06 2008,SurveyUSA
OH,43,50,Mar 16 2008,SurveyUSA
OH,44,43,Aug 24 2008,QuinnipiacU
OH,44,45,May 14 2008,Rasmussen
OH,44,48,Sep 10 2008,UofCincinnati
OH,44,50,Sep 13 2008,ARG
OH,44,51,Sep 07 2008,Rasmussen
OH,45,41,Oct 15 2008,UofAkron
OH,45,46,Oct 17 2008,MasonDixon
OH,45,47,Apr 13 2008,SurveyUSA
OH,45,47,Oct 30 2008,MasonDixon
OH,45,48,Sep 14 2008,Rasmussen
OH,45,49,Sep 14 2008,SurveyUSA
OH,46,44,Jul 29 2008,QuinnipiacU
OH,46,45,Sep 17 2008,UofWisconsin
OH,46,46,Sep 22 2008,InsiderAdvantage
OH,46,47,Sep 23 2008,Rasmussen
OH,46,48,Oct 08 2008,UofCincinnati
OH,46,50,Sep 21 2008,Rasmussen
OH,47,44,Feb 17 2008,SurveyUSA
OH,47,45,Sep 02 2008,OpinionResearch
OH,47,45,Sep 15 2008,MaristColl
OH,47,45,Sep 29 2008,InsiderAdvantage
OH,47,48,Oct 05 2008,Rasmussen
OH,47,48,Sep 10 2008,InsiderAdvantage
OH,47,48,Sep 28 2008,Rasmussen
OH,47,49,Oct 19 2008,Rasmussen
OH,48,39,May 18 2008,SurveyUSA
OH,48,41,Oct 26 2008,GfKRoper
OH,48,41,Oct 27 2008,FinancialDynamics
OH,48,42,Jun 16 2008,QuinnipiacU
OH,48,45,Oct 07 2008,ARG
OH,48,45,Oct 26 2008,MaristColl
OH,48,46,Jun 22 2008,SurveyUSA
OH,48,47,Feb 24 2008,UofCincinnati
OH,48,49,Sep 29 2008,SurveyUSA
OH,49,40,Oct 27 2008,LATimes
OH,49,42,Oct 03 2008,ColumbusDispatch
OH,49,44,Oct 09 2008,InsiderAdvantage
OH,49,44,Sep 09 2008,QuinnipiacU
OH,49,45,Oct 08 2008,MaristColl
OH,49,45,Oct 26 2008,Rasmussen
OH,49,45,Oct 27 2008,SurveyUSA
OH,49,46,Oct 22 2008,UofCincinnati
OH,49,47,Oct 12 2008,Rasmussen
OH,49,47,Sep 16 2008,OpinionResearch
OH,49,49,Oct 14 2008,Rasmussen
OH,50,40,Feb 28 2008,SurveyUSA
OH,50,42,Sep 29 2008,QuinnipiacU
OH,50,44,Nov 02 2008,Zogby
OH,50,45,Oct 13 2008,SurveyUSA
OH,50,45,Oct 26 2008,Zogby
OH,50,46,Oct 21 2008,OpinionResearch
OH,50,47,Oct 06 2008,OpinionResearch
OH,51,42,Oct 19 2008,SuffolkU
OH,51,42,Oct 26 2008,QuinnipiacU
OH,51,45,Oct 05 2008,ABCNews
OH,51,45,Oct 05 2008,WashingtonPost
OH,51,47,Oct 28 2008,OpinionResearch
OH,52,38,Oct 21 2008,QuinnipiacU
OH,52,42,Oct 22 2008,InsiderAdvantage
OH,52,46,Oct 31 2008,ColumbusDispatch
OH,53,41,Oct 22 2008,UofWisconsin
OH,57,41,Oct 23 2008,OhioU
OK,24,56,Jul 23 2008,SoonerPoll
OK,29,66,Oct 05 2008,TVPoll
OK,32,63,Oct 12 2008,TVPoll
OK,32,63,Sep 11 2008,Rasmussen
OK,32,65,Sep 07 2008,SurveyUSA
OK,34,57,Feb 28 2008,SurveyUSA
OK,34,61,Sep 18 2008,ARG
OK,34,63,Oct 29 2008,SurveyUSA
OK,34,64,Sep 29 2008,SurveyUSA
OK,35,59,Oct 19 2008,SurveyUSA
OR,46,37,Jul 16 2008,Rasmussen
OR,46,38,Feb 18 2008,RileyRes
OR,46,38,Jun 11 2008,Rasmussen
OR,47,37,Aug 07 2008,Rasmussen
OR,47,47,Jan 13 2008,SurveyUSA
OR,48,34,Oct 20 2008,RileyResearch
OR,48,42,Mar 26 2008,Rasmussen
OR,48,45,Aug 04 2008,SurveyUSA
OR,48,45,Jun 19 2008,SurveyUSA
OR,48,47,Feb 17 2008,SurveyUSA
OR,49,39,May 18 2008,SurveyUSA
OR,49,40,Feb 13 2008,Rasmussen
OR,49,41,Feb 28 2008,SurveyUSA
OR,49,41,Oct 27 2008,NorthernArizonaU
OR,50,40,Sep 14 2008,DavisHibbittsMidghall
OR,50,41,Mar 16 2008,SurveyUSA
OR,51,42,Apr 13 2008,SurveyUSA
OR,51,47,Sep 15 2008,Rasmussen
OR,52,38,May 07 2008,Rasmussen
OR,52,41,Sep 22 2008,ARG
OR,52,41,Sep 23 2008,SurveyUSA
OR,54,41,Oct 14 2008,Rasmussen
OR,54,42,Oct 30 2008,Rasmussen
OR,54,43,Oct 09 2008,Rasmussen
OR,57,38,Oct 26 2008,SurveyUSA
OR,57,38,Oct 30 2008,SurveyUSA
OR,57,40,Oct 12 2008,SurveyUSA
PA,38,46,Jan 08 2008,Rasmussen
PA,39,42,Feb 17 2008,MuhlenbergColl
PA,41,45,Mar 10 2008,SusquehannaPolling
PA,42,41,Feb 12 2008,QuinnipiacU
PA,42,47,Feb 28 2008,SurveyUSA
PA,43,39,Mar 31 2008,QuinnipiacU
PA,43,41,Sep 22 2008,FinancialDynamics
PA,43,44,Apr 24 2008,Rasmussen
PA,43,44,Feb 18 2008,FranklinMarshallColl
PA,43,44,Mar 10 2008,Rasmussen
PA,45,40,Aug 19 2008,Rasmussen
PA,45,43,May 21 2008,Rasmussen
PA,45,45,Sep 17 2008,UofWisconsin
PA,46,39,May 06 2008,SusquehannaPolling
PA,46,40,May 20 2008,QuinnipiacU
PA,46,41,Aug 10 2008,FranklinMarshallColl
PA,46,41,Aug 14 2008,SusquehannaPolling
PA,46,42,Jun 22 2008,Rasmussen
PA,46,44,Sep 18 2008,MasonDixon
PA,47,38,Apr 29 2008,QuinnipiacU
PA,47,39,Apr 09 2008,Rasmussen
PA,47,40,Apr 09 2008,TempleU
PA,47,42,Jul 23 2008,Rasmussen
PA,47,43,Oct 28 2008,MasonDixon
PA,47,43,Sep 25 2008,MuhlenbergColl
PA,47,45,Sep 07 2008,Rasmussen
PA,47,47,Sep 14 2008,Rasmussen
PA,48,40,May 18 2008,SurveyUSA
PA,48,40,Oct 19 2008,SusquehannaPolling
PA,48,43,Aug 26 2008,OpinionResearch
PA,48,43,Sep 28 2008,FranklinMarshallColl
PA,48,45,Sep 09 2008,QuinnipiacU
PA,48,45,Sep 21 2008,Rasmussen
PA,49,39,Feb 14 2008,Rasmussen
PA,49,41,Sep 29 2008,MuhlenbergColl
PA,49,42,Aug 24 2008,QuinnipiacU
PA,49,42,Jul 29 2008,QuinnipiacU
PA,49,44,Sep 15 2008,MaristColl
PA,49,45,Sep 24 2008,Rasmussen
PA,50,39,Oct 09 2008,MuhlenbergColl
PA,50,40,Oct 04 2008,MuhlenbergColl
PA,50,41,Oct 26 2008,TempleU
PA,50,42,Sep 28 2008,Rasmussen
PA,50,44,Sep 24 2008,SurveyUSA
PA,50,46,Sep 22 2008,ARG
PA,51,38,Oct 12 2008,MuhlenbergColl
PA,51,41,Oct 20 2008,FinancialDynamics
PA,51,42,Oct 26 2008,InsiderAdvantage
PA,51,44,Oct 31 2008,SurveyUSA
PA,51,45,Oct 31 2008,ARG
PA,51,47,Oct 30 2008,Rasmussen
PA,52,39,Oct 17 2008,MuhlenbergColl
PA,52,40,Jun 16 2008,QuinnipiacU
PA,52,40,Oct 26 2008,GfKRoper
PA,52,41,Oct 22 2008,UofWisconsin
PA,52,42,Oct 06 2008,WestChesterU
PA,52,42,Oct 22 2008,MuhlenbergColl
PA,52,45,Nov 01 2008,MuhlenbergColl
PA,52,46,Nov 01 2008,Rasmussen
PA,53,40,Oct 21 2008,QuinnipiacU
PA,53,40,Oct 26 2008,FranklinMarshallColl
PA,53,40,Oct 26 2008,SienaColl
PA,53,41,Oct 08 2008,MaristColl
PA,53,41,Oct 22 2008,SurveyUSA
PA,53,41,Oct 26 2008,QuinnipiacU
PA,53,41,Oct 27 2008,MuhlenbergColl
PA,53,44,Sep 23 2008,OpinionResearch
PA,53,46,Oct 27 2008,Rasmussen
PA,54,39,Sep 29 2008,QuinnipiacU
PA,54,40,Nov 02 2008,Zogby
PA,54,41,Oct 06 2008,Rasmussen
PA,55,40,Oct 06 2008,SurveyUSA
PA,55,40,Oct 13 2008,SurveyUSA
PA,55,41,Oct 27 2008,MaristColl
PA,55,43,Oct 28 2008,OpinionResearch
RI,47,34,Sep 16 2008,BrownU
RI,48,26,Oct 01 2008,OpinionFactor
RI,51,30,Aug 20 2008,BrownU
RI,53,25,Jun 27 2008,RhodeIslandColl
RI,53,38,Feb 28 2008,SurveyUSA
RI,55,31,Jun 30 2008,Rasmussen
RI,58,39,Sep 13 2008,Rasmussen
RI,59,33,Sep 13 2008,ARG
SC,35,55,Oct 19 2008,WinthropU
SC,37,59,Sep 17 2008,ARG
SC,39,48,Jun 05 2008,Rasmussen
SC,39,58,Sep 22 2008,SurveyUSA
SC,41,55,Oct 13 2008,SurveyUSA
SC,42,53,Oct 28 2008,PrincetonSurvey
SC,43,54,Oct 20 2008,Rasmussen
SC,44,52,Oct 29 2008,SurveyUSA
SC,45,48,Feb 28 2008,SurveyUSA
SC,45,51,Sep 18 2008,Rasmussen
SD,34,51,Apr 03 2008,DakotaWesleyanU
SD,37,54,Sep 09 2008,Rasmussen
SD,38,48,Mar 04 2008,Rasmussen
SD,39,55,Sep 21 2008,ARG
SD,41,48,Oct 15 2008,MasonDixon
SD,43,47,Feb 28 2008,SurveyUSA
SD,43,47,Jul 09 2008,Rasmussen
SD,44,53,Oct 30 2008,Rasmussen
TN,31,58,Apr 03 2008,Rasmussen
TN,32,56,Aug 20 2008,Rasmussen
TN,36,48,Sep 27 2008,MiddleTennStateU
TN,36,50,Feb 23 2008,MiddleTennStateU
TN,36,51,Jun 24 2008,Rasmussen
TN,36,59,Sep 19 2008,ARG
TN,38,54,Feb 28 2008,SurveyUSA
TN,39,55,Sep 24 2008,MasonDixon
TN,39,58,Sep 29 2008,Rasmussen
TN,42,54,Oct 16 2008,Rasmussen
TX,33,43,Jul 30 2008,UofTexas
TX,36,57,Sep 16 2008,ARG
TX,38,43,Jun 20 2008,TexasLyceum
TX,38,57,Oct 08 2008,ARG
TX,39,48,Jun 25 2008,Rasmussen
TX,39,52,Jun 02 2008,Rasmussen
TX,40,51,Oct 22 2008,UofTexas
TX,41,49,Feb 25 2008,SurveyUSA
TX,41,50,Aug 21 2008,Rasmussen
TX,41,50,Jul 30 2008,Rasmussen
TX,43,48,May 01 2008,Rasmussen
TX,43,52,Sep 29 2008,Rasmussen
TX,44,52,Feb 17 2008,OpinionRes
TX,44,54,Oct 21 2008,Rasmussen
TX,46,47,Feb 28 2008,SurveyUSA
UT,23,62,Aug 15 2008,MasonDixon
UT,24,62,Sep 11 2008,DanJones
UT,27,62,May 19 2008,DanJones
UT,29,57,Jun 19 2008,DanJones
UT,29,65,Sep 13 2008,ARG
UT,32,55,Oct 25 2008,MasonDixon
UT,32,57,Oct 30 2008,DanJones
UT,32,64,Sep 10 2008,Rasmussen
UT,33,52,Jun 19 2008,Rasmussen
UT,39,50,Feb 28 2008,SurveyUSA
VA,36,44,May 18 2008,VirgCommonwealthU
VA,39,48,Sep 14 2008,ChristopherNewportU
VA,40,52,Jan 17 2008,SurveyUSA
VA,41,48,Sep 15 2008,FinancialDynamics
VA,41,52,Mar 27 2008,Rasmussen
VA,43,43,Aug 12 2008,InsiderAdvantage
VA,44,44,Jul 16 2008,Rasmussen
VA,44,47,May 08 2008,Rasmussen
VA,44,47,Sep 22 2008,MasonDixon
VA,44,49,Feb 19 2008,Rasmussen
VA,44,52,Apr 13 2008,SurveyUSA
VA,45,44,Jun 12 2008,Rasmussen
VA,45,44,Oct 19 2008,WinthropU
VA,45,48,Oct 01 2008,MasonDixon
VA,46,45,Aug 12 2008,Rasmussen
VA,46,48,Sep 17 2008,InsiderAdvantage
VA,46,48,Sep 20 2008,ARG
VA,46,49,Sep 29 2008,ARG
VA,46,50,Sep 09 2008,OpinionResearch
VA,47,44,Oct 30 2008,MasonDixon
VA,47,45,Oct 21 2008,MasonDixon
VA,47,47,Feb 28 2008,SurveyUSA
VA,47,48,Aug 10 2008,SurveyUSA
VA,47,49,Sep 07 2008,Rasmussen
VA,47,49,Sep 07 2008,SurveyUSA
VA,48,39,Oct 26 2008,RoanokeColl
VA,48,44,Oct 27 2008,FinancialDynamics
VA,48,47,Mar 16 2008,SurveyUSA
VA,48,48,Sep 14 2008,Rasmussen
VA,48,50,Sep 21 2008,Rasmussen
VA,49,42,May 18 2008,SurveyUSA
VA,49,42,Oct 26 2008,GfKRoper
VA,49,43,Oct 14 2008,ChristopherNewportU
VA,49,46,Sep 21 2008,ABCNews
VA,49,46,Sep 21 2008,WashingtonPost
VA,49,47,Jun 22 2008,SurveyUSA
VA,50,45,Sep 25 2008,Rasmussen
VA,50,46,Nov 01 2008,SurveyUSA
VA,50,46,Sep 14 2008,SurveyUSA
VA,50,47,Oct 12 2008,Rasmussen
VA,50,47,Sep 28 2008,Rasmussen
VA,50,48,Oct 05 2008,Rasmussen
VA,51,39,Oct 05 2008,SuffolkU
VA,51,40,Oct 22 2008,VirgCommonwealthU
VA,51,45,Feb 17 2008,SurveyUSA
VA,51,45,Nov 02 2008,Zogby
VA,51,45,Oct 19 2008,SurveyUSA
VA,51,45,Sep 21 2008,SurveyUSA
VA,51,45,Sep 29 2008,InsiderAdvantage
VA,51,47,Oct 26 2008,Rasmussen
VA,51,47,Oct 27 2008,MaristColl
VA,52,43,Oct 26 2008,SurveyUSA
VA,52,44,Oct 25 2008,WashingtonPost
VA,52,45,Oct 26 2008,Zogby
VA,53,43,Oct 05 2008,SurveyUSA
VA,53,43,Oct 14 2008,OpinionResearch
VA,53,44,Oct 28 2008,OpinionResearch
VA,53,44,Sep 30 2008,OpinionResearch
VA,54,44,Oct 16 2008,Rasmussen
VA,54,44,Oct 21 2008,OpinionResearch
VT,56,38,Sep 22 2008,ARG
VT,60,36,Oct 09 2008,Rasmussen
VT,60,36,Sep 13 2008,Rasmussen
VT,63,29,Feb 28 2008,SurveyUSA
WA,44,38,May 25 2008,ElwayPoll
WA,44,45,Feb 28 2008,Rasmussen
WA,45,39,Mar 20 2008,ElwayPoll
WA,45,39,Sep 08 2008,ElwayPoll
WA,47,35,Jul 31 2008,ElwayPoll
WA,48,43,Mar 27 2008,Rasmussen
WA,49,45,Sep 07 2008,SurveyUSA
WA,49,47,Sep 10 2008,Rasmussen
WA,50,44,Sep 18 2008,ARG
WA,51,39,Oct 31 2008,UofWashington
WA,51,40,May 12 2008,Rasmussen
WA,51,43,Jul 09 2008,Rasmussen
WA,51,44,Apr 07 2008,SurveyUSA
WA,51,44,Aug 12 2008,SurveyUSA
WA,52,36,May 18 2008,SurveyUSA
WA,52,38,Feb 28 2008,SurveyUSA
WA,52,40,Aug 06 2008,Rasmussen
WA,52,41,Mar 16 2008,SurveyUSA
WA,52,43,Jan 13 2008,SurveyUSA
WA,53,35,Jun 09 2008,Rasmussen
WA,53,40,Apr 16 2008,SurveyUSA
WA,53,43,Oct 02 2008,Rasmussen
WA,54,42,May 12 2008,SurveyUSA
WA,54,43,Oct 22 2008,Rasmussen
WA,54,43,Sep 22 2008,SurveyUSA
WA,55,34,Oct 26 2008,UofWashington
WA,55,36,Oct 19 2008,ElwayPoll
WA,55,38,Feb 04 2008,SurveyUSA
WA,55,39,Jul 15 2008,SurveyUSA
WA,55,40,Jun 19 2008,SurveyUSA
WA,56,39,Jun 09 2008,SurveyUSA
WA,56,39,Oct 27 2008,SurveyUSA
WA,56,40,Oct 13 2008,SurveyUSA
WI,43,47,May 05 2008,Rasmussen
WI,44,38,Aug 04 2008,WisconsinPolicyResInst
WI,44,43,Feb 21 2008,Rasmussen
WI,45,43,Jun 05 2008,Rasmussen
WI,45,44,Sep 17 2008,UofWisconsin
WI,46,42,Apr 05 2008,StNorbertColl
WI,46,48,Mar 26 2008,Rasmussen
WI,47,43,Apr 24 2008,UofWisconsin
WI,47,43,Aug 05 2008,Rasmussen
WI,48,42,May 18 2008,SurveyUSA
WI,48,44,Mar 16 2008,SurveyUSA
WI,48,46,Sep 15 2008,Rasmussen
WI,49,42,Sep 21 2008,QuinnipiacU
WI,49,44,Apr 13 2008,SurveyUSA
WI,50,37,Jun 10 2008,UofWisconsin
WI,50,39,Jul 08 2008,Rasmussen
WI,50,39,Jul 22 2008,QuinnipiacU
WI,50,45,Sep 21 2008,ARG
WI,50,47,Sep 16 2008,OpinionResearch
WI,51,36,Oct 15 2008,UofWisconsin
WI,51,38,Oct 17 2008,StNorbertColl
WI,51,39,Oct 17 2008,MasonDixon
WI,51,40,Feb 28 2008,SurveyUSA
WI,51,43,Oct 19 2008,SurveyUSA
WI,51,44,Oct 23 2008,Rasmussen
WI,51,46,Oct 06 2008,OpinionResearch
WI,52,39,Jun 24 2008,QuinnipiacU
WI,52,42,Feb 17 2008,SurveyUSA
WI,52,42,Oct 06 2008,SurveyUSA
WI,52,43,Jun 16 2008,SurveyUSA
WI,53,40,Oct 20 2008,FinancialDynamics
WI,53,40,Oct 22 2008,UofWisconsin
WI,54,37,Oct 12 2008,QuinnipiacU
WI,54,38,Oct 28 2008,UofWisconsin
WI,54,44,Oct 06 2008,Rasmussen
WI,55,39,Oct 29 2008,SurveyUSA
WV,35,53,Feb 28 2008,SurveyUSA
WV,37,45,Jun 02 2008,Rasmussen
WV,39,44,Sep 08 2008,MarkBlankenship
WV,40,50,Oct 26 2008,Zogby
WV,41,47,Oct 17 2008,MasonDixon
WV,42,50,Sep 24 2008,Rasmussen
WV,43,52,Oct 20 2008,Rasmussen
WV,44,49,Oct 21 2008,WestVirginiaWesleyanU
WV,44,53,Oct 21 2008,OpinionResearch
WV,45,49,Sep 16 2008,ARG
WV,46,50,Sep 23 2008,OpinionResearch
WV,47,49,Oct 13 2008,InsiderAdvantage
WV,50,42,Oct 08 2008,ARG
WY,25,62,Aug 15 2008,MasonDixon
WY,28,66,Sep 11 2008,ARG
WY,32,58,Oct 14 2008,MasonDixon
WY,35,54,Feb 28 2008,SurveyUSA
WY,37,58,Oct 19 2008,SurveyUSA
WY,39,58,Sep 10 2008,Rasmussen
